,,,,,Feedback,FAQS,Contact Us
Home,About Dengue,Dengue,Dengue Updates,Newsroom,Resources,Contact,
,,Campaign,,,,,
Home > Dengue Clusters,,,,,,,
,,Location of Active Clusters,,,,,
Dengue Cases,,,,,,,
Dengue Clusters,,,,,,,
,, © 2014 OneMap,,,,,
,,,,Dengue Cluster Information @ NEA 2013 ,,,
,,,,Click here for more NEA information in OneMap,,,
,,"(Map data is updated at 1am.� Kindly clear your internet browser cache after each visit, in order to view the",,,,,
,,latest information.),,,,,
,,"Operationally, a dengue cluster indicates a locality with active transmission where intervention is targeted.",,,,,
,, It is formed when two or more cases have onset within 14 days and are located within 150m of each other,,,,,
,,(based on residential and workplace addresses as well as movement history). The clusters are categorised,,,,,
,,according to their current status. A list of preventive actions also accompanies each alert level. There are 3,,,,,
,alert levels:,,,,,,
,,,Definition,Alert Level,,,
,,High-risk area with 10 or more cases,,Red,,,
,,High-risk area with less than 10 cases,,Yellow,,,
,,"No new cases, under surveillance for the next 21",,Green,,,
,,,days,,,,
,,Each cluster map illustrates the extent of NEA's current vector control intervention. Please click on the,,,,,
,,cluster location to view the respective map.,,,,,
,,As at 15 August 2014,,,,,
,,,Cases,,,,
,,,with,,,,
,,,onset,Total,,,
,S/N,Locality,,,Breakdown,,
,,,in last,cases,,,
,,,2,,,,
,,,weeks,,,,
,,,,Location,No. of cases,,
,,,,Choa Chu Kang Avenue 2,,1,
,,,,Choa Chu Kang Avenue 2 (Blk 296),,30,
,,,,Choa Chu Kang Avenue 2 (Blk 296A),,25,
,,,,Choa Chu Kang Avenue 2 (Blk 296B),,23,
,,,,Choa Chu Kang Avenue 2 (Blk 296C),,13,
,,Choa Chu,,Choa Chu Kang Avenue 2 (Blk 296D),,4,
,,Kang Ave 2 /,,Choa Chu Kang Avenue 2 (Blk 296E),,7,
,,Choa Chu,,,,,
,Kang Ave 2,,,Choa Chu Kang Avenue 2 (Blk 297),15
,"(Blk 296,",,,Choa Chu Kang Avenue 2 (Blk 297A),1
,"296A, 296B,",,,,
,"296C, 296D,",,,Choa Chu Kang Avenue 2 (Blk 297B),2
,"296E, 297,",,,Choa Chu Kang Avenue 2 (Blk 297C),3
,"297A,�",,,,
,,,,Choa Chu Kang Avenue 2 (Blk 297D),11
,"297B, 297C,",,,,
,297D) / Choa,,,Choa Chu Kang Avenue 3,4
,Chu Kang,,,,
1,Ave 3 / Choa,2,533,Choa Chu Kang Avenue 5 (Blk 476A),14
,Chu Kang,,,Choa Chu Kang Avenue 5 (Blk 476B),6
,Ave 5 (Blk,,,Choa Chu Kang Avenue 5 (Blk 476C),10
,"476A, 476B,",,,,
,,,,Choa Chu Kang Avenue 5 (Blk 476D),17
,"476C, 476D,",,,,
,"483, 484,",,,Choa Chu Kang Avenue 5 (Blk 483),7
,"484A, 484B,",,,Choa Chu Kang Avenue 5 (Blk 484),21
,"484D, 485,",,,,
,"485A, 485B,",,,Choa Chu Kang Avenue 5 (Blk 484A),6
,"485C, 485D,",,,Choa Chu Kang Avenue 5 (Blk 484B),10
,486) / Choa,,,,
,,,,Choa Chu Kang Avenue 5 (Blk 484D),10
,Chu Kang,,,,
,Ave 5 / Keat,,,Choa Chu Kang Avenue 5 (Blk 485),7
,Hong Cl,,,Choa Chu Kang Avenue 5 (Blk 485A),12
,,,,Choa Chu Kang Avenue 5 (Blk 485B),5
,,,,Choa Chu Kang Avenue 5 (Blk 485C),12
,,,,Choa Chu Kang Avenue 5 (Blk 485D),43
,,,,Choa Chu Kang Avenue 5 (Blk 486),17
,,,,Choa Chu Kang Ave 5,187
,,,,Keat Hong Close,10
,,,,Location,No. of cases
,,,,Choa Chu Kang Avenue 2 (Blk 271),10
,,,,Choa Chu Kang Avenue 2 (Blk 272),6
,,,,Choa Chu Kang Avenue 2 (Blk 273),4
,,,,Choa Chu Kang Avenue 2 (Blk 274),5
,,,,Choa Chu Kang Avenue 2 (Blk 275),1
,,,,Choa Chu Kang Avenue 2 (Blk 276),2
,,,,Choa Chu Kang Avenue 2 (Blk 287),6
,,,,Choa Chu Kang Avenue 2 (Blk 294),13
,,,,Choa Chu Kang Avenue 2 (Blk 295),10
,,,,Choa Chu Kang Avenue 3 (Blk 280),3
,,,,Choa Chu Kang Avenue 3 (Blk 281),1
,,,,Choa Chu Kang Avenue 3 (Blk 282),3
,,,,Choa Chu Kang Avenue 3 (Blk 283),5
,,,,Choa Chu Kang Avenue 3 (Blk 284),1
,,,,Choa Chu Kang Avenue 3 (Blk 285),4
,,,,Choa Chu Kang Avenue 3 (Blk 286),2
,,,,Choa Chu Kang Avenue 3 (Blk 287),3
,,,,Choa Chu Kang Avenue 3 (Blk 288),2
,Choa Chu,,,,
,Kang Ave 2,,,Choa Chu Kang Avenue 3 (Blk 289),8
,"(Blk 271,",,,Choa Chu Kang Avenue 3 (Blk 290),13
,"272, 273,",,,,
,,,,Choa Chu Kang Avenue 3 (Blk 291),12
,"274, 275,",,,,
,"276, 287,",,,Choa Chu Kang Avenue 3 (Blk 292),1
,"294, 295) /",,,Choa Chu Kang Avenue 3 (Blk 293),14
,Choa Chu,,,,
,Kang Ave 3,,,Choa Chu Kang Avenue 3 (Blk 401),4
,"(Blk 280,",,,Choa Chu Kang Avenue 3 (Blk 402),1
,"281, 282,",,,,
,,,,Choa Chu Kang Avenue 3 (Blk 403),3
,"283, 284,",,,,
,"285, 286,",,,Choa Chu Kang Avenue 3 (Blk 404),2
,"287, 288,",,,Choa Chu Kang Avenue 3 (Blk 405),1
,"289, 290,",,,,
,"291, 292,",,,Choa Chu Kang Avenue 3 (Blk 406),4
,"293, 401,",,,Choa Chu Kang Avenue 3 (Blk 408),3
,"402, 403,",,,,
,,,,Choa Chu Kang Avenue 3 (Blk 409),1
,"404, 405,",,,,
2,"406, 408,",3,225,Choa Chu Kang Avenue 3 (Blk 411),1
,"409, 411,",,,Choa Chu Kang Avenue 3 (Blk 412),1
,"412, 469,",,,,
,"470, 471,",,,Choa Chu Kang Avenue 3 (Blk 469),11
,"472, 473,",,,Choa Chu Kang Avenue 3 (Blk 470),10
,474) / Choa,,,,
,,,,Choa Chu Kang Avenue 3 (Blk 471),2
,Chu Kang,,,,
,Ave 4 (Blk,,,Choa Chu Kang Avenue 3 (Blk 472),4
,"414, 417,",,,Choa Chu Kang Avenue 3 (Blk 473),2
,"420, 421,",,,,
,"422, 423,",,,Choa Chu Kang Avenue 3 (Blk 474),3
,"425, 426,",,,Choa Chu Kang Avenue 4 (Blk 414),1
,"427, 430,",,,Choa Chu Kang Avenue 4 (Blk 417),1
,"431, 435,",,,,
,"440, 443,",,,Choa Chu Kang Avenue 4 (Blk 420),1
,"446, 447,",,,Choa Chu Kang Avenue 4 (Blk 421),1
,"448, 452,",,,,
,,,,Choa Chu Kang Avenue 4 (Blk 422),2
,"454, 458,",,,,
,"460, 462,",,,Choa Chu Kang Avenue 4 (Blk 423),1
,"463, 465)",,,Choa Chu Kang Avenue 4 (Blk 425),3
,,,,Choa Chu Kang Avenue 4 (Blk 426),1
,,,,Choa Chu Kang Avenue 4 (Blk 427),1
,,,,Choa Chu Kang Avenue 4 (Blk 429),1
,,,,Choa Chu Kang Avenue 4 (Blk 430),1
,,,,Choa Chu Kang Avenue 4 (Blk 431),2
,,,,Choa Chu Kang Avenue 4 (Blk 435),1
,,,,Choa Chu Kang Avenue 4 (Blk 440),1
,,,,Choa Chu Kang Avenue 4 (Blk 443),2
,,,,Choa Chu Kang Avenue 4 (Blk 446),1
,,,,Choa Chu Kang Avenue 4 (Blk 447),1
,,,,Choa Chu Kang Avenue 4 (Blk 448),4
,,,,Choa Chu Kang Avenue 4 (Blk 452),3
,,,,Choa Chu Kang Avenue 4 (Blk 454),1
,,,,Choa Chu Kang Avenue 4 (Blk 458),4
,,,,Choa Chu Kang Avenue 4 (Blk 460),2
,,,,Choa Chu Kang Avenue 4 (Blk 462),1
,,,,Choa Chu Kang Avenue 4 (Blk 463),3
,,,,Choa Chu Kang Avenue 4 (Blk 465),3
,,,,Location,No. of cases
,,,,Circuit Link,10
,,,,Circuit Road (Blk 37),8
,,,,Circuit Road (Blk 38),2
,,,,Circuit Road (Blk 39),3
,,,,Circuit Road (Blk 40),4
,,,,Circuit Road (Blk 41),1
,,,,Circuit Road (Blk 42),5
,,,,Circuit Road (Blk 43),1
,,,,Circuit Road (Blk 44),3
,,,,Circuit Road (Blk 45),1
,,,,Circuit Road (Blk 46),4
,,,,Circuit Road (Blk 47),5
,,,,Circuit Road (Blk 48),7
,,,,Circuit Road (Blk 49),2
,,,,Circuit Road (Blk 50),9
,,,,Circuit Road (Blk 51),6
,Circuit Link /,,,Circuit Road (Blk 52),5
,Circuit Rd,,,Circuit Road (Blk 54),1
,"(Blk 37, 38,",,,,
,"39, 40, 41,",,,Circuit Road (Blk 55),1
,"42, 43, 44,",,,Circuit Road (Blk 57),9
,"45,� 46, 47,",,,,
,,,,Circuit Road (Blk 58),5
,"48, 49, 50,",,,,
,"51, 52, 54,",,,Circuit Road (Blk 59),10
,"55, 57, 58,",,,Circuit Road (Blk 60),9
,"59, 60, 61,",,,,
3,"62, 63, 64,",27,212,Circuit Road (Blk 61),14
,"65, 66, 67,",,,Circuit Road (Blk 62),8
,"68, 69, 70,",,,,
,,,,Circuit Road (Blk 63),3
,"71, 72, 85,",,,,
,87) / Paya,,,Circuit Road (Blk 64),2
,Lebar Way,,,Circuit Road (Blk 65),3
,"(Blk 91, 93,",,,,
,"120, 124) /",,,Circuit Road (Blk 66),5
,Pipit Rd (Blk,,,Circuit Road (Blk 67),5
,"53, 54, 55,",,,,
,,,,Circuit Road (Blk 68),3
,"56, 90, 92,",,,,
,94),,,Circuit Road (Blk 69),9
,,,,Circuit Road (Blk 70),5
,,,,Circuit Road (Blk 71),4
,,,,Circuit Road (Blk 72),1
,,,,Circuit Road (Blk 85),2
,,,,Circuit Road (Blk 87),4
,,,,Paya Lebar Way (Blk 91),1
,,,,Paya Lebar Way (Blk 93),2
,,,,Paya Lebar Way (Blk 120),1
,,,,Paya Lebar Way (Blk 124),1
,,,,Pipit Road (Blk 53),5
,,,,Pipit Road (Blk 54),7
,,,,Pipit Road (Blk 55),4
,,,,Pipit Road (Blk 56),6
,,,,Pipit Road (Blk 90),1
,,,,Pipit Road (Blk 92),4
,,,,Pipit Road (Blk 94),1
,,,,Location,No. of cases
,,,,Court Road,1
,,,,Cowdray Avenue,1
,,,,Hemsley Avenue,1
,,,,Huddington Avenue,1
,,,,Hythe Road,12
,Court Rd /,,,,
,Cowdray Ave,,,Jalan Chulek,2
,/ Hemsley,,,Kensington Park Drive,17
,Ave /,,,,
,Huddington,,,Kensington Park Road,12
,Ave / Hythe,,,Maju Avenue,1
,Rd / Jln,,,,
,,,,Serangoon North Avenue 1 (Blk 101),1
,Chulek /,,,,
,Kensington,,,Serangoon North Avenue 1 (Blk 104),1
,"Pk Dr, Rd /",,,Serangoon North Avenue 1 (Blk 108),1
4,Maju Ave /,6,77,,
,S�goon Nth,,,Serangoon North Avenue 1 (Blk 111),1
,Ave 1 (Blk,,,Serangoon North Avenue 1 (Blk 114),1
,"101, 104,",,,,
,,,,Serangoon North Avenue 1 (Blk 116),1
,"108, 111,",,,,
,"114, 116,",,,Serangoon North Avenue 1 (Blk 120),1
,"120, 123,",,,Serangoon North Avenue 1 (Blk 123),1
,"125, 126,",,,,
,"142, 146,",,,Serangoon North Avenue 1 (Blk 125),1
,"147, 153) /",,,Serangoon North Avenue 1 (Blk 126),1
,Walmer Dr /,,,,
,,,,Serangoon North Avenue 1 (Blk 142),2
,Worthing Rd,,,,
,,,,Serangoon North Avenue 1 (Blk 146),1
,,,,Serangoon North Avenue 1 (Blk 147),1
,,,,Serangoon North Avenue 1 (Blk 153),1
,,,,Walmer Drive,1
,,,,Worthing Road,13
,,,,Location,No. of cases
,,,,Happy Avenue Central,1
,Happy Ave,,,,
,"Central,",,,Happy Avenue East,1
,"East, Nth /",,,Happy Avenue North,3
,Jln Anggerek,,,,
,/ Jln,,,Jalan Anggerek,18
,Belangkas /,,,Jalan Belangkas,3
,Jln Chengkek,,,,
5,,5,65,Jalan Chengkek,9
,/ Jln Jermin /,,,,
,Jln Mawar /,,,Jalan Jermin,2
,Jln Melati /,,,Jalan Mawar,3
,Jln Melor /,,,,
,Macpherson,,,Jalan Melati,2
,Ln (Blk 82) /,,,Jalan Melor,4
,Macpherson,,,,
,,,,Macpherson Lane (Blk 82),1
,Rd,,,,
,,,,Macpherson Road,18
,,,,Location,No. of cases
,Ah Soo Gdn,,,Ah Soo Garden,1
,/ Jln Kelichap,,,,
,/ Jln Lokam /,,,Jalan Kelichap,25
,Paya Lebar,,,Jalan Lokam,9
6,"Cres, Pl /",,,,
,,1,58,Paya Lebar Crescent,14
,Paya Lebar,,,,
,Walk / Tai,,,Paya Lebar Place,2
,Keng Gdns /,,,Paya Lebar Walk,2
,Upp Paya,,,,
,Lebar Rd,,,Tai Keng Gardens,4
,,,,Upper Paya Lebar Road,1
,Boscombe,,,Location,No. of cases
,Rd /,,,Boscombe Road,16
,Branksome,,,Branksome Road,2
,Rd / Cres Rd,,,,
,/ Goodman,,,Crescent Road,11
7,Rd /,5,53,Goodman Road,3
,Parkstone,,,,
,,,,Parkstone Road,6
,Rd / Poole,,,,
,Rd /,,,Poole Road,2
,Swanage Rd,,,Swanage Road,3
,/ Tanjong,,,,
,Katong Rd /,,,Tanjong Katong Road,6
,Wareham Rd,,,Wareham Road,4
,,,,Location,No. of cases
,Kaki Bt Ave,,,Kaki Bukit Avenue 1,1
,1 / Kaki Bt,,,Kaki Bukit Industrial Terrace,21
8,Ind Ter / Kaki,7,38,,
,"Bt Rd 1, 3 /",,,Kaki Bukit Road 1,6
,Kaki Bt Pl,,,Kaki Bukit Road 3,3
,,,,Kaki Bukit Place,7
,,,,Location,No. of cases
,,,,Balam Road (Blk 19),3
,,,,Balam Road (Blk 20),1
,,,,Balam Road (Blk 22),6
,Balam Rd,,,,
,,,,Balam Road (Blk 23),2
,"(Blk 19, 20,",,,,
,"22, 23, 28,",,,Balam Road (Blk 28),4
,"29, 30, 31,",,,Balam Road (Blk 29),3
9,"32, 33) /",6,37,,
,Circuit Rd /,,,Balam Road (Blk 30),3
,Circuit Rd,,,Balam Road (Blk 31),7
,(Blk 34) /,,,,
,,,,Balam Road (Blk 32),1
,Paya Lebar,,,,
,Rd,,,Balam Road (Blk 33),3
,,,,Circuit Road,1
,,,,Circuit Road (Blk 34),1
,,,,Paya Lebar Road,2
,College Ave,,,Location,No. of cases
,East /,,,,
10,,13,29,College Avenue East,8
,College Ave,,,,
,West,,,College Avenue West,21
,Bt Batok,,,Location,No. of cases
,East Ave 2 /,,,Bukit Batok East Avenue 2,4
,Bt Batok,,,,
11,,1,25,Bukit Batok East Avenue 5,10
,East Ave 5 /,,,,
,Hillview Cres,,,Hillview Crescent,5
,/ Hillview Ter,,,Hillview Terrace,6
,Upp Bt,,,,
,Timah Rd,,,Location,No. of cases
12,(near Bkt,5,23,,
,,,,Upper Bukit Timah Road,23
,Panjang Rd),,,,
,,,,Location,No. of cases
,Dido St / Jln,,,,
,Bangsawan /,,,Dido Street,1
,Jln Bintang,,,Jalan Bangsawan,11
,Tiga /,,,,
13,,3,21,Jalan Bintang Tiga,1
,Metropole Dr,,,,
,/ Swan Lake,,,Metropole Drive,2
,Ave / Terang,,,Swan Lake Avenue,3
,Bulan Ave,,,,
,,,,Terang Bulan Avenue,3
,Choa Chu,,,Location,No. of cases
,Kang Cres,,,,
,"(Blk 656,",,,Choa Chu Kang Crescent (Blk 656),1
,"660, 667) /",,,Choa Chu Kang Crescent (Blk 660),1
,Choa Chu,,,,
14,,5,18,Choa Chu Kang Crescent (Blk 667),1
,Kang St 64 /,,,,
,Choa Chu,,,Choa Chu Kang Street 64 (Blk 640),1
,Kang St 64,,,Choa Chu Kang Street 64 (Blk 642),2
,"(Blk 640,",,,,
,642),,,Choa Chu Kang Street 64,12
,,,,Location,No. of cases
,Haig Rd /�,,,,
15,,1,17,Haig Road,9
,Seraya Ln,,,,
,,,,Seraya Lane,8
,,,,Location,No. of cases
,,,,Ubi Avenue 1 (Blk 314),1
,,,,Ubi Avenue 1 (Blk 316),2
,Ubi Ave 1,,,,
,"(Blk 314,",,,Ubi Avenue 1 (Blk 318),1
16,"316, 318,",3,14,Ubi Avenue 1 (Blk 320),2
,"320, 322,",,,,
,,,,Ubi Avenue 1 (Blk 322),4
,"323, 329,",,,,
,333),,,Ubi Avenue 1 (Blk 323),2
,,,,Ubi Avenue 1 (Blk 329),1
,,,,Ubi Avenue 1 (Blk 333),1
,,,,Location,No. of cases
,Geylang Rd /,,,Geylang Road,1
,Guillemard,,,,
17,,3,12,Guillemard Road,1
,"Rd / Lor 32,",,,,
,34 Geylang,,,Lorong 32 Geylang,8
,,,,Lorong 34 Geylang,2
,,,,Location,No. of cases
,Woodlands,,,Woodlands Avenue 6 (Blk 758),1
,Ave 6 (Blk,,,,
,"758, 760,",,,Woodlands Avenue 6 (Blk 760),1
18,762 763) /,1,11,Woodlands Avenue 6 (Blk 762),3
,Woodlands,,,,
,,,,Woodlands Avenue 6 (Blk 763),1
,Circle (Blk,,,,
,"752, 753)",,,Woodlands Circle (Blk 752),3
,,,,Woodlands Circle (Blk 753),2
,Eng Kong,,,Location,No. of cases
19,Ter / Lor,2,10,Eng Kong Terrace,6
,Kismis,,,,
,,,,Lorong Kismis,4
,,,,Location,No. of cases
,Hillside Dr /,,,Hillside Drive,1
20,Sirat Rd / Yio,6,9,,
,Chu Kang Rd,,,Sirat Road,5
,,,,Yio Chu Kang Road,3
,,,,Location,No. of cases
,Kovan Rd /,,,,
21,,3,9,Kovan Road,8
,Lowland Rd,,,,
,,,,Lowland Road,1
,Lengkong,,,Location,No. of cases
,Tiga (Blk,,,Lengkong Tiga (Blk 115),1
22,115) / Lor,3,9,,
,Marzuki / Lor,,,Lorong Marzuki,5
,Mydin,,,Lorong Mydin,3
,,,,Location,No. of cases
23,Ubi Ave 1,2,9,,
,,,,Ubi Avenue 1,9
,,,,Location,No. of cases
,Highland Rd /,,,,
,Jln Sahabat /,,,Highland Road,5
24,Kovan Rd /,2,8,Jalan Sahabat,1
,Upp S�goon,,,,
,,,,Kovan Road,1
,Rd,,,,
,,,,Upper Serangoon Road,1
,,,,Location,No. of cases
,,,,Pasir Ris Street 21 (Blk 207),1
,Pasir Ris St,,,,
,"21 (Blk 207,",,,Pasir Ris Street 21 (Blk 216),2
25,,7,7,,
,"216, 217,�",,,Pasir Ris Street 21 (Blk 217),2
,"219, 252)",,,,
,,,,Pasir Ris Street 21 (Blk 219),1
,,,,Pasir Ris Street 21 (Blk 252),1
,Tanah Merah,,,Location,No. of cases
,Kechil Lk / ,,,,
26,,2,7,Tanah Merah Kechil Link,4
,Tanah Merah,,,,
,Kechil Rd,,,Tanah Merah Kechil Road,3
,,,,Location,No. of cases
,Butterworth,,,,
,Ln / Ipoh Ln /,,,Butterworth Lane,4
27,,4,6,,
,Tanjong,,,Ipoh Lane,1
,Katong Rd,,,,
,,,,Tanjong Katong Road,1
,,,,Location,No. of cases
28,Simei St 3,5,6,,
,,,,Simei Street 3,6
,,,,Location,No. of cases
,Tampines St,,,,
,33 (Blk 358) /,,,Tampines Street 33 (Blk 358),1
,Tampines St,,,,
29,,2,6,Tampines Street 34 (Blk 361),1
,"34 (Blk 361,",,,,
,"362, 363) /",,,Tampines Street 34 (Blk 362),1
,Tampines St,,,Tampines Street 34 (Blk 363),2
,34,,,,
,,,,Tampines Street 34,1
,Ang Mo Kio,,,Location,No. of cases
,Ave 4 (Blk,,,Ang Mo Kio Avenue 4 (Blk 254),1
,"254, 256) /",,,,
30,Ang Mo Kio,2,5,Ang Mo Kio Avenue 4 (Blk 256),1
,St 21 (Blk,,,Ang Mo Kio Street 21 (Blk 253),1
,"253, 253A)",,,,
,,,,Ang Mo Kio Street 21 (Blk 253A),2
,Chempaka,,,Location,No. of cases
,Ave / Jln,,,Chempaka Avenue,1
,Gembira /,,,,
31,,2,5,Jalan Gembira,1
,Lichi Ave /,,,,
,Macpherson,,,Lichi Avenue,1
,Rd,,,Macpherson Road,2
,,,,Location,No. of cases
,Choa Chu,,,,
,Kang St 51,,,Choa Chu Kang Street 51 (Blk 501),2
32,,2,5,,
,"(Blk 501,",,,Choa Chu Kang Street 51 (Blk 502),2
,"502, 503)",,,,
,,,,Choa Chu Kang Street 51 (Blk 503),1
,Kampong,,,Location,No. of cases
33,Ampat /,1,5,Kampong Ampat,4
,Shaw Rd,,,,
,,,,Shaw Road,1
,,,,Location,No. of cases
,Kovan Rd /,,,,
34,,5,5,Kovan Road,4
,Kovan Rise,,,,
,,,,Kovan Rise,1
,,,,Location,No. of cases
,Pasir Ris Dr,,,,
,"4 (Blk 479,",,,Pasir Ris Drive 4 (Blk 479),1
35,486) / Pasir,2,5,Pasir Ris Drive 4 (Blk 486),1
,Ris Dr 6 (Blk,,,,
,,,,Pasir Ris Drive 6 (Blk 475),2
,"475, 477)",,,,
,,,,Pasir Ris Drive 6 (Blk 477),1
,Sungei,,,Location,No. of cases
36,,4,5,,
,Tengah Rd,,,Sungei Tengah Road,5
,,,,Location,No. of cases
,Woodlands,,,,
,Ring Rd (Blk,,,Woodlands Ring Road (Blk 644),2
37,,5,5,,
,"644, 646,",,,Woodlands Ring Road (Blk 646),2
,650),,,,
,,,,Woodlands Ring Road (Blk 650),1
,Ang Mo Kio,,,Location,No. of cases
38,Ave 10 (Blk,2,4,Ang Mo Kio Avenue 10 (Blk 416),2
,"416, 418)",,,,
,,,,Ang Mo Kio Avenue 10 (Blk 418),2
,Ang Mo Kio,,,Location,No. of cases
,Ave 3 (Blk,,,Ang Mo Kio Avenue 3 (Blk 120),1
,"120, 122,",,,,
39,,3,4,Ang Mo Kio Avenue 3 (Blk 122),1
,130) / Ang,,,,
,Mo Kio Ave 6,,,Ang Mo Kio Avenue 3 (Blk 130),1
,(Blk 123),,,Ang Mo Kio Avenue 6 (Blk 123),1
,Flora Rd /,,,Location,No. of cases
40,Mariam,4,4,Flora Road,3
,Way ,,,,
,,,,Mariam Way,1
,Grace Walk /,,,Location,No. of cases
41,Tai Yuan,4,4,Grace Walk,2
,Hgts,,,,
,,,,Tai Yuan Heights,2
,Jurong West,,,Location,No. of cases
,Ave 1 (Blk,,,,
,441) / Jurong,,,Jurong West Avenue 1 (Blk 441),1
42,West St 41,4,4,,
,"(Blk 459,",,,Jurong West Street 41 (Blk 459),1
,"461, 466)",,,Jurong West Street 41 (Blk 461),1
,,,,Jurong West Street 41 (Blk 466),1
,,,,Location,No. of cases
,S'goon Ave 4,,,Serangoon Avenue 4 (Blk 226),1
43,"(Blk 226,",2,4,,
,"228, 230)",,,Serangoon Avenue 4 (Blk 228),2
,,,,Serangoon Avenue 4 (Blk 230),1
,,,,Location,No. of cases
,Rowell Rd /,,,Rowell Road,1
44,S'goon Rd /,1,3,,
,Veerasamy,,,Serangoon Road,1
,Rd,,,Veerasamy Road,1
,Bendemeer,,,Location,No. of cases
45,"Rd (Blk 43,",2,3,Bendemeer Road (Blk 43),2
,44),,,,
,,,,Bendemeer Road (Blk 44),1
,,,,Location,No. of cases
46,Canberra Dr,2,3,,
,,,,Canberra Drive,3
,Choa Chu,,,,
,Kang Ave 1,,,Location,No. of cases
47,(Blk 132) /,1,3,Choa Chu Kang Avenue 1 (Blk 132),2
,Teck Whye,,,Teck Whye Lane (Blk 118),1
,Ln (Blk 118),,,,
,Choa Chu,,,,
,Kang Ave 2,,,Location,No. of cases
48,(Blk 248) /,2,3,Choa Chu Kang Avenue 2 (Blk 248),2
,Hong San,,,Hong San Walk,1
,Walk,,,,
,Choa Chu,,,Location,No. of cases
49,,2,3,,
,Kang Loop,,,Choa Chu Kang Loop,3
,,,,Location,No. of cases
,Compassvale,,,,
,Walk (Blk,,,Compassvale Walk (Blk 223D),1
50,,2,3,,
,"223D, 224B,",,,Compassvale Walk (Blk 224B),1
,225C),,,,
,,,,Compassvale Walk (Blk 225C),1
,,,,Location,No. of cases
,Geylang,,,Geylang Bahru (Blk 60),1
51,Bahru (Blk,3,3,,
,"60, 61, 68)",,,Geylang Bahru (Blk 61),1
,,,,Geylang Bahru (Blk 68),1
,,,,Location,No. of cases
,Geylang Rd /,,,Geylang Road,1
52,"Lor 25A, Lor",3,3,,
,27 Geylang,,,Lorong 25A Geylang,1
,,,,Lorong 27 Geylang,1
,Jln Langgar,,,Location,No. of cases
53,,3,3,,
,Bedok,,,Jalan Langgar Bedok,3
,Jurong West,,,Location,No. of cases
,St 61 (Blk,,,,
,"624, 641) /",,,Jurong West Street 61 (Blk 624),1
54,,3,3,,
,Jurong West,,,Jurong West Street 61 (Blk 641),1
,St 71 (Blk,,,,
,704),,,Jurong West Street 71 (Blk 704),1
,Lor 28,,,Location,No. of cases
,Geylang / Lor,,,Lorong 24 Geylang,1
55,"24, 26",2,3,,
,Geylang,,,Lorong 26 Geylang,1
,,,,Lorong 28 Geylang,1
,,,,Location,No. of cases
56,Mattar Rd,3,3,,
,,,,Mattar Road,3
,,,,Location,No. of cases
,Merpati Rd,,,Merpati Road (Blk 13),1
57,"(Blk 13, 14) /",3,3,,
,Merpati Rd,,,Merpati Road (Blk 14),1
,,,,Merpati Road,1
,Rivervale,,,,
,Cres (Blk,,,Location,No. of cases
58,158A) /,3,3,Rivervale Crescent (Blk 158A),1
,Rivervale Dr,,,Rivervale Drive (Blk 144),1
,(Blk 144),,,,
,Senja Rd,,,Location,No. of cases
59,,2,3,,
,(Blk 606),,,Senja Road (Blk 606),3
,S'goon,,,Location,No. of cases
,Central Drive,,,,
60,,3,3,Serangoon Central Drive (Blk 256),2
,"(Blk 256,",,,,
,263),,,Serangoon Central Drive (Blk 263),1
,,,,Location,No. of cases
,Tampines St,,,Tampines Street 41 (Blk 416),1
61,"41 (Blk 416,",3,3,,
,"418, 426)",,,Tampines Street 41 (Blk 418),1
,,,,Tampines Street 41 (Blk 426),1
,Upp S'goon,,,Location,No. of cases
62,,3,3,,
,Rd,,,Upper Serangoon Road,3
,,,,Location,No. of cases
63,Verde Place,3,3,,
,,,,Verde Place,3
,,,,Location,No. of cases
64,Woodleigh Cl,3,3,,
,,,,Woodleigh Close,3
,,,,Location,No. of cases
,Yishun St 81,,,Yishun Street 81 (Blk 867),1
65,"(Blk 867,",3,3,,
,"872, 873)",,,Yishun Street 81 (Blk 872),1
,,,,Yishun Street 81 (Blk 873),1
,Canberra Rd,,,Location,No. of cases
66,"(Blk 420,",1,2,Canberra Road (Blk 420),1
,423),,,,
,,,,Canberra Road (Blk 423),1
,Chai Chee Dr,,,Location,No. of cases
,(Blk 55) /,,,,
67,,2,2,Chai Chee Drive (Blk 55),1
,Chai Chee St,,,,
,(Blk 53),,,Chai Chee Drive (Blk 53),1
,Chestnut Ave,,,Location,No. of cases
68,(near Petir,2,2,,
,Rd),,,Chestnut Avenue,2
,Compassvale,,,Location,No. of cases
69,Link (Blk,1,2,Compassvale Link (Blk 269B),1
,"269B, 275C)",,,,
,,,,Compassvale Link (Blk 275C),1
,Corporation,,,,
,Road /,,,Location,No. of cases
70,Jurong West,2,2,Corporation Road,1
,St 52 (Blk,,,,
,518),,,Jurong West Street 52 (Blk 518),1
,,,,Location,No. of cases
71,Hume Ave,1,2,,
,,,,Hume Ave,2
,Jln Rajah,,,Location,No. of cases
72,"(Blk 104,",1,2,Jalan Rajah (Blk 104),1
,106),,,,
,,,,Jalan Rajah (Blk 106),1
,Lor 15,,,Location,No. of cases
73,,2,2,,
,Geylang,,,Lorong 15 Geylang,2
,,,,Location,No. of cases
74,Loyang Rise,2,2,,
,,,,Loyang Rise,2
,Pasir Ris Dr,,,Location,No. of cases
75,"3 (Blk 630,",2,2,Pasir Ris Drive 3 (Blk 630),1
,632),,,,
,,,,Pasir Ris Drive 3 (Blk 632),1
,Potong Pasir,,,,
,Ave 1 (Blk,,,Location,No. of cases
76,132) / Potong,2,2,Potong Pasir Avenue 1 (Blk 132),1
,Pasir Ave 3,,,Potong Pasir Avenue 3 (Blk 134),1
,(Blk 134),,,,
,,,,Location,No. of cases
77,Saraca Ter,2,2,,
,,,,Saraca Terrace,2
,,,,Location,No. of cases
,Sims Dr (Blk,,,,
78,,2,2,Sims Drive (Blk 44),1
,"44, 50)",,,,
,,,,Sims Drive (Blk 50),1
,Tampines St,,,Location,No. of cases
79,"71 (Blk 710,",2,2,Tampines Street 71 (Blk 710),1
,712),,,,
,,,,Tampines Street 71 (Blk 712),1
,Tanjong Rhu,,,Location,No. of cases
80,,2,2,,
,Rd,,,Tanjong Rhu Rd,2
,,Telok,,Location,No. of cases,,
,,81,Blangah Hts,2,2,Telok Blangah Heights (Blk 59),1
,,"(Blk 59, 61)",,,,,
,,,,Telok Blangah Heights (Blk 61),1,,
,,Towner Rd,,,,,
,,(Blk 103) /,,Location,No. of cases,,
,,82,Whampoa,2,2,Towner Road (Blk 103),1
,,West (Blk,,Whampoa West (Blk 34),1,,
,,34),,,,,
,,Upp Boon,,Location,No. of cases,,
,,83,Keng Rd (Blk,2,2,Upper Boon Keng Road (Blk 14A),1
,,"14A, 16)",,,,,
,,,,Upper Boon Keng Road (Blk 16),1,,
,,"For a list of clusters under surveillance, please click here.",,,,,
Contact Us,,Our Location,Connect With Us,GO TO,,,
Hotline : 1800-2255 632,,"National Environment Agency, ",,,,,
,,,,NEA Website,,,
Email,: Contact_NEA@nea.gov.sg,Environment Building ,,,,,
FAX,: (65) 62352611,"40 Scotts Road, #13-00, ",,,,,
,,Singapore 228231,,,,,
Privacy Statement,Terms of Use,,,Copyright � 2013 National Environment Agency. All rights reserved,,,
